<?xml version="1.0" encoding="UTF-8" standalone="yes"?>
<addon id="plugin.audio.radiojavan" name="RadioJavan" version="1.0.0" provider-name="Amir Jafari">
    <requires>
	<import addon="xbmc.python" version="3.0.0" />
	<import addon="script.module.requests" version="2.25.0"/>
        <import addon="script.module.pysocks" version="1.7.0"/>
        <import addon="script.module.typing_extensions" version="3.7"/>
    </requires>
    <extension point="xbmc.python.pluginsource" library="addon.py">
        <provides>audio</provides>
    </extension>
    <extension point="xbmc.addon.metadata">
    	<source>https://github.com/amijafari/plugin.audio.radiojavan/</source>
        <summary lang="en">RadioJavan - Top Iranian music source</summary>
        <license>GNU General Public License, v3</license>
        <description lang="en">The largest source of Persian entertainment providing the best Persian and Iranian music.</description>
        <platform>all</platform>
        <language>en</language>
        <assets>
            <icon>resources/icon.png</icon>
	    <fanart>resources/fanart.jpg</fanart>
        </assets>
    </extension>
</addon>
